Run ID,Waktu,Tipe Evaluasi,Faithfulness,Answer Relevancy,Context Precision,Context Recall
019fb437-eac1-7f50-bef4-c4dfb891e1b3,2026-07-30 18:09:51,ragas evaluation,0.35294117647058826,0.8787555673159693,,
019fb435-0c50-7561-a0c7-85121d2f72c7,2026-07-30 18:06:43,ragas evaluation,0.9166666666666666,0.9999999999999998,,
019fb42f-d081-7c12-b666-a1e10cfa5e06,2026-07-30 18:01:00,ragas evaluation,0.5517241379310345,0.9300308119770381,,
019fb42a-778a-7fd3-9498-b1b6a48f11fa,2026-07-30 17:55:09,ragas evaluation,0.75,0.7526723850106579,,
019fb41e-4083-70d3-be03-879f791c66f1,2026-07-30 17:41:49,ragas evaluation,0.8333333333333334,0.8931598906735142,,
019fb418-96e5-7a41-876e-835edf6b04f9,2026-07-30 17:35:38,ragas evaluation,0.358974358974359,0.9625357096984138,,
019fb40f-5090-70e2-96a1-b5795879d02c,2026-07-30 17:25:30,ragas evaluation,0.9090909090909091,0.9875718773462259,,
019fb404-9d47-76c0-ad52-bd5773ae4115,2026-07-30 17:13:49,ragas evaluation,0.6,0.8734586377694754,,
019fb3fe-d951-7ab3-956e-7dd41b486b07,2026-07-30 17:07:31,ragas evaluation,0.5652173913043478,0.7558003088511003,,
019fb3f6-f279-7c53-ad5d-7ffbf4ada38d,2026-07-30 16:58:53,ragas evaluation,0.7027027027027027,0.8715645459310244,,
019fb3ea-8e41-7390-99de-5939e50d977c,2026-07-30 16:45:21,ragas evaluation,,0.9267145785562,,
019fb3e2-af14-74a3-94fd-d862dc61f503,2026-07-30 16:36:45,ragas evaluation,,0.9344408581850936,,
019fb3d9-f553-7ff1-bf8f-2bb1f0949fce,2026-07-30 16:27:13,ragas evaluation,,0.9372963999921642,,
019fb3d5-449f-7073-8226-029c8ae24d1d,2026-07-30 16:22:06,ragas evaluation,0.8,0.8534707671723626,,
019fb3c9-1f5d-7200-9795-331f27ef5447,2026-07-30 16:08:50,ragas evaluation,1.0,0.913782066776448,,
019fb3c3-93af-7e72-a546-b5bb85815ef5,2026-07-30 16:02:46,ragas evaluation,0.7142857142857143,0.9524952933804389,,
019fb389-fe45-7d52-91ba-fd4044a81f7e,2026-07-30 14:59:53,ragas evaluation,0.9705882352941176,0.9700542469297642,,
019fb360-ee7f-7d53-ab59-e12c570218c5,2026-07-30 14:15:02,ragas evaluation,0.7333333333333333,0.8895539038631127,,
019fb353-9650-7740-b3d2-c46d3016b7d7,2026-07-30 14:00:27,ragas evaluation,0.8947368421052632,0.9999999999999998,,
019fb351-1dd7-7312-9af8-8baf9a349cb6,2026-07-30 13:57:45,ragas evaluation,0.6666666666666666,0.0,,
019fb34d-df0a-75d0-bf2c-0600c64d3650,2026-07-30 13:54:12,ragas evaluation,0.35714285714285715,0.0,,
019fb337-9d03-7913-a9fb-51f6630fd003,2026-07-30 13:29:54,ragas evaluation,0.7894736842105263,0.926373283227612,,
019fb20d-3e5b-7552-b4fa-9401d534e711,2026-07-30 08:04:00,ragas evaluation,,0.9959482114228364,,
019fb209-4b9e-7f41-8328-1ef10f470226,2026-07-30 07:59:41,ragas evaluation,1.0,0.9016161877331242,,
019fb201-fd5c-7543-aa75-bdcdccddfbdd,2026-07-30 07:51:42,ragas evaluation,0.2727272727272727,1.0,,
019fb1fd-00ac-74e3-af6e-b221cf508a6a,2026-07-30 07:46:15,ragas evaluation,,,,
019fb1fa-3a75-7481-b610-cb3f58a941d6,2026-07-30 07:43:14,ragas evaluation,0.6190476190476191,0.9373485748009304,,
019fb1ea-3137-7d20-a829-fe4b2b93f775,2026-07-30 07:25:43,ragas evaluation,,0.824600460216245,,
019fb1e7-44b4-7c13-a903-16647bda5397,2026-07-30 07:22:31,ragas evaluation,1.0,0.8472241503188513,,
019fb1e0-74a3-7e22-9a69-0885eb58c6f4,2026-07-30 07:15:04,ragas evaluation,0.6428571428571429,0.9875964355384274,,
019fb1de-1785-7343-b2ef-198f6b08d11a,2026-07-30 07:12:30,ragas evaluation,0.7272727272727273,0.9974680243491021,,
019fb1dc-6f31-79c2-83a8-d2edfe4d76e8,2026-07-30 07:10:41,ragas evaluation,1.0,0.9972761017245226,,
019fb146-c8c4-7932-8c7a-23843c57eadc,2026-07-30 04:27:13,ragas evaluation,,0.8916160067023757,,
019fb133-8df9-7760-9292-fbec9600755f,2026-07-30 04:06:13,ragas evaluation,0.3888888888888889,0.9509409668141064,,
019fb08d-ddcb-72a3-99f4-b620eb6cf8fb,2026-07-30 01:05:15,ragas evaluation,1.0,0.9167081777257889,,
019fb087-bc98-7da2-82ee-529dc842bcde,2026-07-30 00:58:33,ragas evaluation,0.5714285714285714,0.9850243986274942,,
019fb076-8f35-7cb0-97f0-3650b4be2c0c,2026-07-30 00:39:47,ragas evaluation,,0.9634901465143241,,
019fb06d-e0fe-7442-84f3-c58be774491e,2026-07-30 00:30:18,ragas evaluation,0.5882352941176471,0.9533747859747699,,
019fb068-ed6c-7700-ac94-3731b7982a7d,2026-07-30 00:24:54,ragas evaluation,0.75,0.8439318578727897,,
019fb05e-d40c-79a1-8b2b-b335fbc6e87e,2026-07-30 00:13:52,ragas evaluation,,0.9108082914691555,,
019faf0d-334d-7821-a81a-2792867d6a14,2026-07-29 18:05:05,ragas evaluation,0.35714285714285715,0.9842898818856864,,
019faf09-509a-7943-bcc7-5ea24cfdc781,2026-07-29 18:00:51,ragas evaluation,1.0,0.9817469750189166,,
019faef1-43c5-7850-82f7-9e393118b9a5,2026-07-29 17:34:34,ragas evaluation,0.25,0.8850736585776696,,
019faee9-b381-7701-969f-493f6dc089c8,2026-07-29 17:26:19,ragas evaluation,0.8260869565217391,0.7345192105311511,,
019faee7-6a8b-7d62-abe2-3c1f5a333205,2026-07-29 17:23:49,ragas evaluation,,,,
019faee5-e3f2-7a20-be23-9761380a089b,2026-07-29 17:22:09,ragas evaluation,0.09090909090909091,0.0,,
019faecf-458e-7222-b61a-abcfd4a92b62,2026-07-29 16:57:27,ragas evaluation,0.15625,0.9595719599578576,,
019faec8-b1ed-7722-9f5c-51f5d3a5da28,2026-07-29 16:50:16,ragas evaluation,0.7777777777777778,0.9951250910554231,,
019fae63-fcee-7e11-99b2-2447428fa02a,2026-07-29 15:00:16,ragas evaluation,0.6206896551724138,0.9588797934317321,,
019fae56-8619-77a0-a4f2-28cd72653a32,2026-07-29 14:45:33,ragas evaluation,0.32,0.985505145140209,,
019fae33-8e55-71c0-9cef-a56e251a89c6,2026-07-29 14:07:22,ragas evaluation,1.0,0.9939703731518048,,
019fae21-1508-7313-9cdb-dcf3fbff055f,2026-07-29 13:47:11,ragas evaluation,1.0,0.7177315442281215,,
019fae1a-baa5-7051-a546-e5c70806425c,2026-07-29 13:40:15,ragas evaluation,1.0,0.771346929859377,,
019fae08-7f7d-7061-8e4f-97451b16dc72,2026-07-29 13:20:20,ragas evaluation,0.3888888888888889,0.7654141640310828,,
019fade8-0582-7be0-ae7e-640ae19d78ac,2026-07-29 12:44:51,ragas evaluation,0.05555555555555555,0.5501936036662638,,
019fade6-c063-7383-8b56-979f447c1497,2026-07-29 12:43:28,ragas evaluation,0.23809523809523808,0.5717294095462772,,
019fade4-3e8c-7d83-ba7f-b9a39447f0a5,2026-07-29 12:40:44,ragas evaluation,,,,
019fadd4-b3d3-7392-a0ab-0d9bb3159956,2026-07-29 12:23:45,ragas evaluation,,,,
019fadb0-eaa0-7213-a8dc-0882bf6de74a,2026-07-29 11:44:40,ragas evaluation,,,,
019fad59-b42e-7b50-8213-f1588be756b0,2026-07-29 10:09:25,ragas evaluation,,,,
019fad57-3731-7140-9409-b4e36455f1ae,2026-07-29 10:06:41,ragas evaluation,,,,
019fa640-f0df-78c2-9406-e54b68aab2ee,2026-07-28 01:05:01,ragas evaluation,,0.9999999999999999,,1.0
019fa60b-e53f-77c2-8641-f0f01914be19,2026-07-28 00:07:05,ragas evaluation,,0.9999999999999999,0.999999999975,0.5
019fa4b7-9aaa-7580-8c83-eebc4a5d2077,2026-07-27 17:55:23,ragas evaluation,,0.9999999999999999,0.0,0.5
019fa4b2-c20c-7a50-937a-9852cded3b98,2026-07-27 17:50:06,ragas evaluation,,,,
019fa4b1-f761-7bf1-afee-ad04e3d8b491,2026-07-27 17:49:14,ragas evaluation,,,,
019fa4ae-e147-7fb0-bb28-83a589f9cacd,2026-07-27 17:45:52,ragas evaluation,,,,
019fa446-a2a6-71d1-a6b3-e7210517ee64,2026-07-27 15:52:00,ragas evaluation,0.0,0.5001879157083603,0.0,0.0
019fa437-cd47-7a30-8b5d-6c2aa298f777,2026-07-27 15:35:48,ragas evaluation,,,,
019fa437-6f47-7ba0-b173-bbbb74fe5aa3,2026-07-27 15:35:24,ragas evaluation,,,,
019fa435-8680-7541-baf1-f6b8ee7a799c,2026-07-27 15:33:19,ragas evaluation,,,,
019fa433-c638-7930-83ad-bbe075a31ced,2026-07-27 15:31:24,ragas evaluation,,,,
019fa432-61cd-76e2-8a37-6d22fc201781,2026-07-27 15:29:53,ragas evaluation,,,,
019fa431-f458-7b83-bcc8-954253302d28,2026-07-27 15:29:25,ragas evaluation,,,,
019fa42f-e13c-7a10-be3b-17cfd205aa5e,2026-07-27 15:27:09,ragas evaluation,,,,
019fa42b-329b-73f2-b636-7d90a2c1c54e,2026-07-27 15:22:02,ragas evaluation,,0.770181896910226,,
019fa425-9186-7731-82ed-1098e8028238,2026-07-27 15:15:53,ragas evaluation,0.42105263157894735,0.9492571701287753,,
019fa41f-d86c-7301-a743-72a6d3e03614,2026-07-27 15:09:38,ragas evaluation,,,,
019fa403-b2e4-7f93-a97b-5e82ea1e30a9,2026-07-27 14:38:53,ragas evaluation,,0.49670219082407085,,
019fa3fe-5b04-78a0-b7be-87a98232b52a,2026-07-27 14:33:03,ragas evaluation,,,,
019fa3fb-7e7f-7e03-b324-a5c69a503acd,2026-07-27 14:29:55,ragas evaluation,0.4074074074074074,0.5912074921903291,,
019fa3f7-d724-70b1-b1f9-990ecd648880,2026-07-27 14:25:56,ragas evaluation,,0.8537529154152871,,
019fa3f5-b00d-7611-acfe-f50725cadb30,2026-07-27 14:23:35,ragas evaluation,,,,
019fa39b-9a51-7912-8dc3-6ac36160c721,2026-07-27 12:45:11,ragas evaluation,,0.5997339974525421,,
019fa357-2290-76c2-8353-b55cd3d07424,2026-07-27 11:30:24,ragas evaluation,0.5,0.6192931204781117,0.9999999999,0.5
019fa331-ed0e-77b1-a46b-e8607c333322,2026-07-27 10:49:45,ragas evaluation,0.5,,0.9999999999,0.0
019fa329-2309-7710-9839-b23c9fa2289f,2026-07-27 10:40:09,ragas evaluation,,0.6192931204781117,0.9999999999,0.0
019fa31c-a88e-7af0-98a5-3ea9e289399b,2026-07-27 10:26:32,ragas evaluation,,0.7407108107888338,0.9999999999,0.0
019fa313-14fe-7052-be2e-3d4e3f86a2b4,2026-07-27 10:16:04,ragas evaluation,0.5,,0.9999999999,
019fa307-683d-7eb1-a9da-30e1dde7655d,2026-07-27 10:03:19,ragas evaluation,,,0.9999999999,
019fa2ff-cd65-7153-b878-6ce839c37901,2026-07-27 09:55:01,ragas evaluation,,,,0.0
019fa2fc-6383-77f0-9690-51ba9754b9c0,2026-07-27 09:51:17,ragas evaluation,,,,
019fa2e1-f609-7ed1-add9-a70c25d0644d,2026-07-27 09:22:25,ragas evaluation,0.8125,0.871966632764917,,
019f9f07-1cf1-7d53-9260-609373570001,2026-07-26 15:24:31,ragas evaluation,,0.7739228925638233,,
019f9df7-9367-7fa3-a255-2948e5a9aa80,2026-07-26 10:27:55,ragas evaluation,0.0,0.6235310117575557,,
